P1-01|風險說的是將來可能發生損失，但還不確定會不會發生、何時發生或損失多大。三個關鍵是將來性、不確定性、損失可能。|明天騎車可能發生事故是風險；昨天已付的修車費是已發生的損失。|哪個情境符合風險的將來性？|明天可能因颱風受損~昨天已確定的修理費~已支付的租金~已結清的帳單|風險三要件不包含哪一項？|損失金額必須龐大~具有不確定性~有損失可能~屬於將來
P1-02|風險因素是使損失更容易發生的條件；風險事故是實際發生的事件；損失是事件造成的結果。先找條件，再找事件，最後看結果。|老舊電線是因素，起火是事故，家具燒毀的價值是損失。|在「電線老舊→起火→家具燒毀」中，風險事故是？|起火~電線老舊~家具的金額損失~購買家具|把使事故更容易發生的條件稱作什麼？|風險因素~保險金~風險事故~受益權
P1-03|實質風險來自標的或環境，例如健康狀況與職業。道德風險是故意不誠實、企圖獲利；心理風險是疏忽或漠不關心。|故意縱火求理賠屬道德風險；投保後疏於維護屬心理風險。|投保後覺得有保障而不再維護設備，屬於？|心理風險~道德風險~投機利益~確定損失|為取得理賠而故意製造事故，屬於？|道德風險~心理風險~自然災害~純粹的環境因素
P1-04|分類要先看問題的比較軸。純粹風險只有損失或無損失；投機風險也可能獲利。靜態／動態看原因，基本／特定看影響範圍，客觀／主觀看衡量性。|股票可能賺也可能賠，屬投機；消費喜好轉變影響銷售，屬動態。|投資有可能獲利也可能虧損，依損失性質屬於？|投機風險~純粹風險~確定損失~風險自留|科技與消費者喜好改變造成損失，按原因屬於？|動態風險~靜態風險~無形損失~風險避免
P1-05|先確認面臨哪些風險，再衡量頻率及幅度，接著選擇處理方法，最後執行並定期評估。別在還沒找出問題之前就急著買商品。|先發現家庭缺少醫療準備，再估計費用，才選擇存款或保險安排。|風險管理的第一步是？|確認風險~購買保險~執行評估~計算保費|選擇風險管理方法之前，應先做什麼？|衡量風險~立刻理賠~終止所有活動~分配紅利
P1-06|頻率代表一定期間平均發生幾次或發生比率，幅度代表一次事故平均損失。預期損失成本用頻率預期值乘上幅度預期值。兩者都高通常最嚴重。|發生機率1%、每次損失20萬元，預期損失是2,000元。|事故機率2%、損失50萬元，預期損失成本為？|10,000元~1,000元~25,000元~100,000元|事故發生後的平均損失金額是？|損失幅度~損失頻率~預定利率~附加費用率
P1-07|事前可避免、預防或移轉；事中著重抑制損失程度；事後可能自行承擔。自留可能是有能力承擔，也可能是疏忽或沒有合適方法。|不參與危險活動是避免，健康檢查是預防，購買保險是移轉。|購買保險主要是哪種管理方法？|移轉~避免一切事故~消滅風險~增加風險|事故發生時努力減少損害程度，屬於？|抑制損失~事前避免~投機~增加頻率
P2-01|保險由多數人共同分攤少數人可能發生的經濟損失。它是風險移轉的一種方法，並不保證事故不會發生。|大家依約繳費，符合條件的事故由共同資源提供保障。|保險互助制度主要在做什麼？|分攤經濟損失~保證事故不發生~讓每個人獲利~取消所有不確定性|買了保險之後，下列理解何者正確？|事故仍可能發生~風險完全消失~所有損失都一定理賠~無須再管理風險
P2-02|講義將早期壽險雛形連到羅馬宗教團體，現代科學定價則連到生命表與英國衡平保險社。歷史細节放在核心掌握後再補。|記住「早期互助」與「現代定價」是兩個不同問題。|講義中的早期壽險雛形與哪類組織有關？|宗教團體~證券交易所~科技公司~中央銀行|现代壽險科學定價的重要基礎是？|生命表~股價線圖~不動產估價~人口姓名表
P2-03|生命表依年齡、性別等觀察死亡情形，利用大數法則協助計算。某年死亡率的分母是年初生存人數，分子是年度內死亡人數。|年初10,000人，年內20人死亡，死亡率是20÷10,000＝0.2%。|年初5,000人，年內10人死亡，死亡率是？|0.2%~2%~20%~0.02%|計算某年死亡率，應使用哪個分母？|年初生存人數~年底死亡人數~年底保單件數~保險金額
P2-04|國民生命表觀察國民或地區居民；壽險經驗生命表觀察投保壽險者；年金生命表用於年金。講義的死亡率排序為國民高於壽險經驗，再高於年金。|要先知道統計的是哪一群人，才能比較表格。|壽險業經驗生命表主要觀察誰？|參加人壽保險的被保險人~所有外國旅客~全體企業法人~只有受益人|依講義，同年齡何種表的死亡率通常較低？|年金生命表~國民生命表~三種完全相同~沒有任何差別
P2-05|經驗生命表隨統計與時間更新，講義列第一回至第六回的沿革。它用於費率、責任準備金及業務績效評估；年份題必須連同指定版本。|同一數值不能跨所有年代沿用。|經驗生命表更新時，應保留哪項資訊？|適用版本與日期~只留最高死亡率~只留公司名稱~刪除舊版標記|哪項是講義所列生命表用途？|計算責任準備金~決定股票每日價格~取代要保書~指定受益人
P2-06|保險功能可按個人、社會、國家分類。個人獲經濟保障，社會透過互助與儲蓄安定生活，國家層面有資本形成等效果。再保險則是保險人再分散承保風險。|不是每項效益都只屬個人，要看受影響的對象。|保險公司把承保風險再分給另一保險人，稱為？|再保險~受益人變更~保單借款~解除契約|協助個人晚年生活所需，較直接對應何種功能？|個人經濟保障~增加事故~保證投資獲利~代替所有社會政策
P2-07|講義描述現代商品以壽險保障為軸心，結合投資及資產管理。結合投資不代表每種商品都保證報酬，仍要辨認保障與投資各自條件。|看商品時分開問：保障什麼？誰承擔投資風險？|保險結合投資功能，是否表示必定獲利？|不表示~一定獲利~一定保本且無風險~一定由政府補足|講義所述现代發展以哪項為軸心？|壽險商品~信用卡~期貨~房地產買賣
P3-01|講義的保險業組織型態為股份有限公司或合作社；這是在談保險人的組織，不是在談要保人的身分。|公司能當要保人，不表示它就是經營保險的保險人。|講義列出的保險業組織型態為？|股份有限公司或合作社~只有自然人~只有獨資商號~只有學校|判斷保險業組織型態時，主要是在問哪個角色？|保險人~被保險人~身故受益人~繳費親屬
P3-02|業者家數與商品發展屬時點資料。工業化使意外保障受重視，通膨與儲蓄需求也影響商品設計。記數字時必須一起記統計日期。|不能把「某月底有幾家公司」當成永久不變的規則。|業者家數應如何閱讀？|連同統計年月~永遠不必更新~等於考試題數~等於保險法條數|工業化使意外事故受到關注，主要影響？|保障需求與商品設計~保險不再需要~所有保費歸零~受益人全部改為國家
P3-03|家庭結構、壽命延長與高齡化會改變保障需求。退休收入、醫療與長照準備因此受到重視；不能只沿用年輕時的保障安排。|育兒期與退休期面對的家庭責任不同。|壽命延長通常使哪項規劃更重要？|退休生活與照顧費用~完全取消醫療保障~不再需要儲蓄~只看短期流行|雙薪、小家庭等變化提醒我們？|保障需配合人生階段~每人適用相同保單~保額永遠不變~只需看商品名稱
P3-04|講義以死亡給付除以保單價值準備金，區分不同年齡的最低比率。核心方向是隨高齡遞減；掃描末欄不完整，不能猜數字。|遇到被裁掉的91歲以上欄，應查完整資料而不是延伸推算。|這個最低比率的分母是？|保單價值準備金~年度收入~全部醫療費~單一年度紅利|講義比率隨年齡升高的方向是？|遞減~固定倍增~完全相同~沒有年齡分類
P3-05|保障型及高齡化商品認定並非只看名稱有沒有「高齡」。講義A+列即期年金、進入分期給付的遞延年金、小額終老及其他具條件的商品。|先看商品結構和給付階段，再判斷適用分類。|哪項明列於講義的認定範圍？|即期年金保險~所有汽車保險~所有火災保險~所有旅遊不便險|判斷遞延年金的相關認定，要注意？|是否進入約定分期給付階段~保單封面顏色~業務員年齡~公司辦公室樓層
P3-06|平均壽命是特定年度的統計，不能直接當作某個人的剩餘壽命。它可幫助理解人口與退休需求，但不是15天內最優先的背誦細節。|「平均壽命」與「某年齡平均餘命」不是同一數字。|平均壽命數字必須搭配？|統計年度及群體~個人姓名~保單號碼~每次看診紀錄|平均壽命是否保證每個人活到該歲數？|不是~是~只有投保者一定是~只有受益人一定是
P3-07|人身保險提供的是無形保障，業務員協助說明需求及商品，售出後仍需持續服務。學識、態度、毅力與信念是講義列出的使命基礎。|遞交保單後還要協助保全、理賠與保障檢視。|售出保單後，業務員應如何？|持續售後服務~完全不再聯絡~一律勸解約~把服務視為無關工作|保險商品的主要特性是？|無形保障~可展示的實體貨品~保證短期獲利工具~必然消除事故
P3-08|金融科技可用於身分辨識、資料分析、保單驗證及理賠流程。用途是提升適合度與效率，不是把所有客戶導向同一商品。|同樣是數據分析，細分需求比一律銷售同一保單更符合適合度。|客戶資料分析可協助？|細分客群與需求~忽略不同需求~免除告知義務~不必取得必要同意|電子保單存證與驗證主要協助？|資料安全與完整性~提高死亡率~保證商品獲利~代替所有理賠證明
P4-01|定價建立在相互扶助、公平分擔及收支相等。收支相等是從全體保戶資源與給付考量，不是每個人都拿回自己繳的錢。|少數發生約定事故者可能領取超過個人已繳保費的給付。|收支相等應從哪個角度理解？|全體保戶與整體收支~每人必須領回相同保費~每天現金都歸零~每件保單必定獲利|哪項屬定價三原則？|公平的風險分擔~保證人人領相同理賠~單純最大化保費~排除所有互助
P4-02|總保费可拆成純保費與附加保費。純保費為保險給付財源；附加保費支應經營費用，兩者不能混為一談。|客服、招攬與行政等營運支出，對應附加保費的用途。|支應保險公司營業費用的是？|附加保費~死亡保險金~生存保險金~受益份額|總保費的兩大部分是？|純保費及附加保費~解約金及借款~紅利及稅金~保額及受益權
P4-03|在講義的死亡保障定價語境中，預定死亡率與費用率提高，保費通常提高；預定利率提高，未來資金折現較多，保費方向相反。|不要把「利率越高」直覺套成「保費越高」。|其他條件相同，預定利率降低時，壽險保費方向為？|提高~降低~必定不變~變成零|下列何者是保費計算的三預定率之一？|預定營業費用率~預定股票漲幅~預定房價~預定失業率
P4-04|簡化一年期死亡純保費題，用死亡機率乘以死亡保額，不加上題目未提供的營業費或利息。注意百分比與千分比不同。|死亡率千分之二、保額100萬元，純保費為2,000元。|死亡率千分之三、保額200萬元，簡化純保費為？|6,000元~600元~60,000元~3,000元|把0.5%換為計算用小數，應是？|0.005~0.05~0.5~5
P4-05|自然保費隨年齡及風險變動，平準保費則將不同期間負擔平準化，約定每期金額相等。平準並不表示死亡率固定。|用較平穩的缴費安排，處理風險成本隨年齡變化的問題。|約定每期保費數額相等，稱為？|平準保費~自然保費~復效保費~解約金|平準保費是否代表每年的死亡率相同？|不代表~一定相同~死亡率必為零~不再需要生命表
P4-06|比較「實際」與「預定」：死亡少於預定是死差益；投資收益高於預定是利差益；費用低於預定是費差益。不是所有數字越高越好。|實際營運花得比預計少，才是費差益。|實際死亡率低於預定死亡率，產生？|死差益~死差損~費差損~利差損|實際收益高於預定收益，產生？|利差益~費差益~死差益~死差損
P4-07|分紅保單把符合條件的經營盈餘分配給保戶。紅利可現金支付、儲存生息、抵缴保費或購買增額繳清保險；依契約辦理，不是保證固定報酬。|拿紅利購買增額繳清，會增加保障金額，不是延長原繳費義務。|哪種紅利方式可增加保障額度？|購買增額繳清保險~退還全部原保費~刪除受益人~停止所有保障|紅利可用哪種方式處理？|抵繳保費~直接取消告知義務~保證固定高報酬~取代身分查核
P4-08|新舊分紅制度的適用時間不同。講義以舊制利差與死差、新制經營損益含利差、死差、費差作對比。歷史題要先讀年份。|不能看見「分紅」就把不同年代的分配來源完全混用。|講義新分紅來源包含哪項？|費差益~保戶借款本金~保險稅額~所有營業收入直接全分|回答歷史分紅制度題時，先確認？|適用年份與制度~保單紙張大小~業務員姓氏~受益人年資
P4-09|責任準備金著重保險人未來履行給付的準備；保單價值準備金反映個別保單價值；解約金是依契約終止時可領取的金額。三者目的不同。|已繳保費總額不等於隨時可領的解約金。|終止契約時依約可領的款項稱為？|解約金~全部死亡保額~必定等於已繳保費~營業收入|保單價值準備金主要反映？|保單價值~公司的全部股本~受益人的薪水~每次住院日數
P4-10|講義列不同險種的責任準備金提存方法，不能把一種險種的方式套給全部。利率變動型壽險另由主管機關訂定，年金又分累積與給付期。|先辨認險種及期間，再選提存方式。|依講義，利率變動型壽險最低責任準備金方式由誰另訂？|主管機關~受益人自行決定~業務員口頭决定~所有公司免提存|比較準備金提存方式時，最先應區分？|險種與適用期間~保戶姓名長短~繳費銀行顏色~理賠申請人住處
P5-01|人身保險包括人壽、健康、傷害、年金四類；財產保險是另一大類。先看保險標的與給付條件，不靠名稱猜。|責任保險不因與人的行為有關就變成人身保險。|下列何者不屬人身保險四類？|責任保險~年金保險~健康保險~傷害保險|壽險以外仍屬人身保險的是？|健康保險~火災保險~海上保險~汽車車體保險
P5-02|保險費是繳出去的錢，保險金是符合條件領到的錢，保險金額是約定承保額度。保險期間是保障多久，繳費期間是缴多久，兩者不必相等。|20年繳費的終身壽險，不是只保障20年。|每年支付給保險公司的款項是？|保險費~保險金~身故保額~受益份額|20年繳費終身保障，20年指的是？|繳費期間~全部保障期間~理賠期限~受益人生存期間
P5-03|定期死亡保險保障約定期間內的死亡，期滿仍生存通常不給死亡保險金。終身死亡保險保障終身，繳費則可躉繳、限期或終身繳。|10年定期與10年繳終身，兩個10年意義不同。|純定期死亡保險期滿仍生存，通常如何？|沒有死亡保險金~一定退全部保費~一定給付全部保額~自動變成養老險|終身保險的「終身」主要描述？|保障期間~每人必須繳費至死亡~保證每年分紅~解約金必等於保費
P5-04|生存保險看約定期滿時是否生存；生死合險則兼具期間內死亡與期滿生存的給付。講義把生死合險稱作養老保險。|生存險不能只因名字有「保險」就推定死亡一定領得到錢。|兼具期間內死亡與期滿生存保障的是？|生死合險~純定期死亡險~純生存險~只保意外的傷害險|純生存保險的主要給付條件為？|期滿仍生存~任何時間死亡~每次門診~繳第一期保費即領全額
P5-05|重大疾病、特定傷病依契約定義判斷，不是聽到病名就一律給付。生前提前給付則關注生命預期期間，講義用不足6個月的情境說明。|罹病給付與生命末期提前給付，是兩種不同判斷。|特定傷病是否以契約載明的範圍為準？|是~所有疾病都算~只看保戶自行判斷~與條款無關|講義的生命末期提前給付情境是預期生命不足？|6個月~6天~6年~60年
P5-06|年金背景是退休與長壽風險。講義以15–64歲為工作年齡人口，0–14歲及65歲以上為依賴人口；人口年度數據用來理解趨勢。|退休後仍需生活費，是年金需求的一個來源。|講義工作年齡人口區間是？|15–64歲~0–14歲~65歲以上~所有年齡相同|年金需求與哪種風險特別相關？|長壽及退休收入不足~汽車碰撞~貨物滅失~房屋火災
P5-07|年金以定期提供金額來支持生活。社會年金由政府制度提供，商業年金由商業保險公司經營；不要把經營主體與給付始期混為一談。|「社會」與「即期」是在不同分類軸上。|社會年金與商業年金主要區別之一是？|經營制度及主體~紙本大小~受領人名字~是否一定每天領取|年金的主要給付型態是？|定期依約給付~只賠汽車修理~只給第三人責任賠償~一定一次返還所有保費
P5-08|躉繳／分期是繳費方式；即期／遞延是開始領年金的時間。遞延年金要經過累積期，即期則訂約後按約定開始給付。|一次繳清仍可能約定多年後才開始領。|一次缴清後10年才領，給付始期分類為？|遞延年金~即期年金~連生共存年金~日額醫療險|「躉繳」描述的是？|保費一次繳清~年金一定立刻給付~永遠不需繳費~只領一次死亡金
P5-09|不確定年金以生存為給付條件；保證期間或保證金額的部分，不因被保險人早逝就消失。保證期間終了後若仍生存，終身年金可續領。|保證20年，領了12年即死亡，尚餘8年的保證給付依約處理。|保證20年，已領12年死亡，保證部分還有？|8年~0年~12年~20年|保證金額已領足但仍生存，終身年金如何？|仍依約繼續給付~一定立即終止~改賠醫療費~全部已領款需退回
P5-10|連生共存年金要求相關受領人都生存；最後生存者年金只要至少一人仍生存就續領。連生遺族則在原受領人死亡後給指定受領人。|夫妻有一人身故，能否續領要看是哪種連生設計。|兩人中一人死亡即停止的是？|連生共存年金~最後生存者年金~全部年金都如此~保證期間部分|兩人只剩一人生存仍依原約定給付的是？|最後生存者年金~連生共存年金~定期死亡保險~只有醫療險
P5-11|年金可按人數分個人、多數受領人或團體；按金額是否固定分定額與變額。不同分類可以同時用來描述一張保單。|一張個人年金也可以是遞延、躉繳及定額。|給付每期固定不變，屬於？|定額年金~變額年金~職業風險~繳費方式|同一保單可同時是個人、遞延與定額年金嗎？|可以，分類軸不同~不可以，名稱只能一個~只能兩者~須改成財產險
P5-12|利變年金累積期以宣告利率累積保價金。給付期甲型定額；乙型之後各年依調整係數改變，係數比較宣告與預定利率。|前期年金10萬、調整係數1.02，下一期為10.2萬。|前期年金12萬、調整係數1.05，下一期為？|12.6萬元~12.05萬元~11.4萬元~17萬元|甲型年金給付期的金額特性是？|依約固定~每年一定翻倍~只看股票價格~必定歸零
P5-13|宣告利率不是固定或保證投資報酬，不能只比較這一數字就選商品。預定利率用於年金金額計算，與宣告利率用途不同。|「宣告3%」不能直接說成「保戶一定賺3%」。|宣告利率是否等同保戶投資報酬率？|不等同~一定完全相同~一定更高~完全不必看費用|購買利變商品時應如何？|同時了解條款、費用及宣告政策~只選宣告利率最高~不必看條款~保證未來利率不變
P5-14|傳統年金與利變年金在費用、缴費彈性、身故返還及金額調整上不同。講義p.35紅利表有符號疑義，該表不直接轉計分題。|先做结构比較，疑義欄位保留待核。|比較兩類年金時，何者是合理比較項？|附加費用及給付方式~保單封面顏色~客服人數~公司樓高|表格同一欄符號矛盾時應如何？|核對完整條款再出題~任猜一個~刪掉條件硬背~宣稱所有版本相同
P5-15|生命表的適用與商品銷售時間有關。講義將94年到101年的區間和後續制度分開，歷史題必須用題幹指定時間。|題目問舊期間，不能直接用最新表回答。|歷史年金責任準備金題應先確認？|新契約銷售時間~理賠人姓名~保險公司地址~題號奇偶|不同時期生命表是否可無條件混用？|不可~可以永遠混用~只要保額相同即可~只要同一公司即可
P5-16|年金累積期和給付期遇到身故、失蹤、生還的處理不同。給付期通常限制終止、借款等變更，保證部分未領餘額則另依約處理。|先問已開始領年金了嗎，再判斷退還或續領。|判斷年金身故處理首先要區分？|累積期或給付期~保單顏色~付款銀行地址~業務員職稱|保證年金尚有未支領餘額時，應如何？|依契約給應得之人~一律歸國庫~一律成公司盈餘~一律分給其他保戶
P5-17|傷害保險處理意外傷害，風險程度與職業及工作環境密切相關。職業分類調整還要區分保單版本和個人是否真的變更職業。|辦公室工作與高風險作業，不宜視為相同危險程度。|傷害險費率重要考量為？|職業風險~保戶喜歡的顏色~受益人姓名~保單印刷方式|職業分類表更新與本人換工作是否同一件事？|不是，適用條件應分開~完全相同~都不會影響風險~都一定終止契約
P5-18|講義的六類職業費率比為1、1.25、1.5、2.25、3.5、4.5。比例題先找原類別及新類別，再用同一基準計算。|第一類基準保費1,000元，第三類比率1.5對應1,500元。|基準保費2,000元、職業費率比1.5，保費為？|3,000元~2,001.5元~1,500元~4,000元|職業分類比較必須先掌握？|同一基準下的費率比~受益人年齡~保單頁數~公司宣傳語
P5-19|講義將失能分11級80項，給付依級數比例及契約上限。比例與事故是否相同需一起判斷，不能把每一項失能都無上限累加。|保額100萬、給付比例60%，基本計算是60萬，再檢查累計條件。|保額200萬、給付比例40%，計算給付為？|80万元~40萬元~160萬元~240萬元|講義失能程度分為？|11級80項~6級28項~4級12項~只有一級
P5-20|短期傷害保費不是一律用月數除12。講義短期費率表中，一個月15%、三個月35%、六個月65%，須按表查。|年繳1,000元，一個月按15%計是150元。|年繳2,000元，短期一個月比率15%，保費是？|300元~166.67元~30元~2,000元|短期傷害費率可直接以月數÷12取代嗎？|不可，要依短期費率表~可以一律取代~只看投保人年齡~一律為年保費一半
P5-21|旅平險保障約定期間內的意外傷害，講義最長180天。交通延誤與劫持是不同延長情況，不能只背一個數字套用。|延誤另有條件與上限；劫持則依事故終了的約定處理。|講義旅平險最長保險期間為？|180天~18天~18年~無限期|旅平險的主要保障事故是？|符合約定的意外傷害~所有投資損失~每次旅遊不愉快~所有慢性病皆無條件保障
P5-22|傷害喪失工作能力保險著重意外造成工作能力喪失後的收入損失。醫療支出與收入減少是兩個不同損失面向。|住院帳單是一種損失，無法上班少領薪水是另一種。|此類保險主要補償哪種損失？|工作能力喪失帶來的收入損失~投資報酬減少~房價下跌~退休自願休假|醫療費與收入損失的關係為？|是不同經濟損失~完全同一項~收入損失一定為零~醫療費必定等於月薪
P5-23|實支實付依保障範圍、實際費用及限額給付；日額按約定每日金額乘符合條件日數。兩者基礎不同，都仍有條款條件。|日額2,000元、符合給付5天，計算為1萬元。|日額1,500元、符合給付4天，金額是？|6,000元~1,504元~4,000元~15,000元|實支實付主要依據？|保障範圍內實際費用及限額~住院天數一律乘相同金額~保戶自行要求多少~無上限給付
P5-24|講義實支實付張數控管需分醫療與傷害醫療，並列學生團保等例外及自負額銜接商品條件。不能只記「3張」而忽略適用範圍與日期。|自負額商品不列入張數的安排也有銜接原給付限額等條件。|張數控管應如何記憶？|上限與例外條件一起記~所有商品一律算入~每家可无限張~完全不看投保日期|依講義，醫療與傷害醫療張數如何計？|分別計算~全部當同一張~只算保費最高一張~只算同公司
P5-25|講義的一般健康險等待期最長30日，癌症及重大疾病可最長90日。等待期是投保後的限制，與事故後就醫或申請期限不同。|看見90日，先辨認是在問等待期還是傷害醫療給付日數。|依講義，一般健康險等待期最長是？|30日~90年~180日~2年|依講義，癌症或重大疾病等待期最長可為？|90日~9日~900日~3年
P5-26|商業長照認定包括生理功能或認知功能障礙。講義生理功能列6種日常生活能力，須有3項以上障礙；認定期間及免責條件另有上限與例外。|是否失能與是否符合長照狀態，不宜只靠日常用語判斷。|講義生理功能障礙的項目門檻為？|6項中至少3項~6項中只要1項~一定6項全有~與項目無關|長照狀態除了生理功能還包含哪一類？|認知功能障礙~股票損失~信用評等下降~職業升遷
P5-27|講義A+對政府長照的制度描述須進一步確認適用情境，暫不當成現行制度結論。先區分商業保險契約與政府照顧服務兩個層次。|服務政策與商業保單不是同一契約。|政府長照服務與商業長照保單能否直接視為同一制度？|不能~可以~只要同名就相同~都由同一保單給付|制度敘述有待核對時應如何？|確認官方版本再計分~猜測答案~以星級代替查核~以題量代替查核
P5-28|外溢效果保單用誘因鼓勵健康管理，例如健走、健檢或其他健康服務。重點是促使行為改善，降低風險，而非單純把保額做大。|達成約定運動標準後，可能取得保費折減等獎勵。|健走達標獲約定保費折減，屬於？|外溢效果機制~契約無效~保險代位~一定違法折佣|外溢商品使用穿戴裝置資料的目的之一是？|協助健康管理與風險評估~保證所有人不生病~取代所有核保~讓風險永久消失
P5-29|優體壽險以更細緻健康與生活條件評估死亡風險。能否適用優體費率，要經核保決定；不可只標最低費率或核保前保證適用。|健康條件符合評估要求，與業務員口頭承諾不同。|核保前能否直接保證客戶取得優體費率？|不能~一定可以~只要口頭承諾即可~只看客戶意願|優體評估可能考量什麼？|吸菸、健康及生活方式~保單顏色~繳費銀行樓層~受益人的購物習慣
P5-30|投資型商品結合保險與投資，投資與保障分別列帳，風險全部或部分由要保人承擔。費用須分項揭露，不能把所有名稱有「萬能」的商品都當投資型。|投資帳戶價值變動，並不是保險公司保證獲利。|投資型商品的投資風險全部或部分由誰承擔？|要保人~一律政府~一律受益人雇主~一律不存在風險|投資型商品費用應如何呈現？|分項揭露~一律不必說明~只口頭略過~全部當作保險金
P5-31|KYC了解客戶，KYP了解產品，推薦時還要匹配風險承受度。講義對65歲以上客戶及保費來自解約、貸款、借款另列審查與留存要求。|理解客戶承擔能力，比只介紹報酬想像更重要。|KYC主要指什麼？|了解客戶~了解公司建築~只看投資獲利~跳過適合度|依講義，高齡投資型銷售特別注意的年齡門檻是？|65歲以上~5歲以上~25歲以下~沒有任何門檻
P5-32|團體保險以團體為基礎、通常一張主保單。保額依薪資、職位、年資或團體定額等標準，不由每人無限制自由決定；講義團體定義為5人以上且非為買保險組成。|企業以客觀標準安排員工保額，而不是每人任選無上限。|團體保險保額通常如何決定？|依團體約定客觀標準~每人無上限自由決定~完全由受益人決定~與團體無關|講義團體的最低人數條件是？|5人以上且非為購保險組成~只要1人~只要2人~一定500人
P5-33|學生團體保險依學年安排，身故給付與其他給付的受益人不同。講義主管機關是教育部，不能看到保險就一律回答金管會。|學生受傷醫療與學生身故，要分開判斷誰領款。|學生團保身故保險金的受益人依講義為？|法定繼承人~一律校長~一律保險公司~一律要保單位|講義學生團保期間原則為？|一年並與學年起訖一致~永遠終身~固定一個月~一律五年
P5-34|微型保險以經濟弱勢或特定身分為對象，低保額、低保費、短期簡單保障。講義列一年期，壽險及傷害各50萬上限，傷害醫療3萬及附加費用率15%。|微型保險不設生存或滿期給付，別與儲蓄目的混淆。|講義微型壽險累積保額上限是？|50萬元~500萬元~5,000萬元~沒有上限|微型保險的設計限制為？|不得含生存或滿期給付~必須有高額滿期金~必須為終身~只有富裕者可投保
P5-35|小額終老提供基本死亡保障，與微型保險的對象和期間不同。講義列最高保險年齡84歲、有效契約4件、主約90萬及附加傷害10萬，並無增額加倍設計。|微型是一年期政策性保障，小額終老是終身死亡保障。|依講義，小額終老最高保險年齡為？|84歲~64歲~14歲~無限年齡|依講義，小額終老主約保障為？|終身死亡保障~一年期生存給付~純醫療報銷~純汽車責任保障
P5-36|郵政簡易壽險適用簡易人壽保險法，主管機關與一般保險業的分類不同。講義以中華民國國民為對象，免體檢；主約與附約險種分開。|郵政商品可有主約生死保障，健康或傷害則依附約安排。|講義郵政簡易壽險主管機關為？|交通部~教育部~考試院~國防部|依講義，何者可作郵政簡易壽險附約？|健康或傷害保險~汽車車體保險~海上保險~火災保險
P5-37|勞保是社會保險，勞退是退休金制度，國民年金另有對象。講義勞退雇主提繳不得低於每月工資6%，勞工自願提繳在6%內；不是同一筆費用。|把雇主義務與勞工自願提繳分成兩欄記。|依講義，勞退雇主每月提繳不得低於工資？|6%~0.6%~60%~16%|勞保與勞退是否完全同一制度？|不是~是~只是同制度兩個別名~只能擇一且不能同時存在
P5-38|社會保險比較應看對象、事故、主管及受理機關、費用分擔。講義p.48部分機關名稱與「目前」費率待核，不把舊表無條件當成現況。|全民健保與勞保的醫療項目不能不分制度直接相加。|比較社會保險首先要確認？|對象與保障事故~保單紙張~私人公司標誌~姓名筆畫|「目前費率」若沒有一致年度，應如何？|核對適用日期~永遠不用更新~一律當最新~刪掉日期保留數字
P6-01|招攬要出示登錄資格、說明條款並了解適合度。要保人及被保險人應據實告知並本人簽章；必要代填不等於可代簽。預收首期相當額不等於已無條件承保。|家屬協助填資料，仍不能省略應有的本人確認。|家屬代填要保書後，應如何？|仍由要保人及被保險人依規定親自確認簽章~家屬直接代簽就好~完全不用簽名~只需業務員簽名|首次保費稱相當額，是因為？|核保後金額可能調整~保費永遠不用繳~只有現金才有效~一定等於理賠金
P6-02|高齡、身障與資金來源保護涉及額外說明、見證或查核。不能因身障就直接拒絕協助，也不能忽略解約或借款投保的風險。|高齡且不識字的保戶，需要合適見證及確認理解程序。|遇到身障投保需求，應如何？|說明承保條件並協助依規則送件~一律拒絕受理~不說明任何條款~保證無條件承保|檢查保費是否來自借款主要為？|了解財務風險與適合度~只增加業績~免除告知~提高借款利率
P6-03|代收保費先看有無授權、保險種類與付款方式。講義明確另列人身保險不得授權代收現金；一般規定的5萬元不能當成壽險可收現金額度。|保戶交現金再由業務員刷配偶信用卡，不是正常代繳流程。|人身保險業務員可把一般5萬現金上限當作自己的授權嗎？|不可~可以~只要拆成多筆即可~只要配偶刷卡即可|代收憑證應如何處理？|依規定交付並記載收費時間~可不開任何憑證~保戶不能留存~遺失收據就免責
P6-04|第一次選擇由業務員了解需求與基本風險；第二次由體檢醫師；第三次由保險公司核保人員決定承保條件。體檢時業務員應迴避、不干擾。|業務員不能代替核保人員承諾一定承保。|最終決定承保或限制承保的是？|保險公司核保人員~業務員個人~受益人~保戶鄰居|體檢時業務員應如何？|力求迴避且不妨礙檢查~代答所有健康問題~要求醫師隱瞞結果~直接承諾承保
P6-05|保險年齡採最近生日法：足歲後未超過6個月，用足歲；超過6個月再加1歲。6個月整與6個月又1天是邊界。|30歲6個月整仍是30歲；30歲6個月1天為31歲。|實足30歲6個月整，保險年齡為？|30歲~31歲~29歲~32歲|實足30歲6個月又1天，保險年齡為？|31歲~30歲~29歲~32歲
P7-01|代理人依代理契約或授權替保險人經營業務；經紀人基於被保險人利益洽訂或服務。直接通路不經仲介，間接通路有代理或經紀等。|別把收取報酬者與代表利益混為同一個判準。|基於被保險人利益洽訂契約的是？|保險經紀人~保險代理人必然如此~核保醫師~再保險人|保險公司自行電話行銷，屬於？|直接行銷~必屬仲介~再保險~代位求償
P7-02|電話行銷先表明身分與目的，取得同意並錄音。講義列錄音保存5年、傳統型壽險審閱不少於3日；審閱是訂約前，與收到保單後撤銷不同。|同樣以日計的制度，先看發生在簽約前還是簽約後。|講義電話行銷錄音保存期間為？|5年~5天~5小時~永久且無例外|審閱與保單撤銷的時點有何不同？|審閱在訂約前，撤銷依保單收受等條件~兩者完全相同~審閱一定在理賠後~撤銷一定在報名前
P7-03|良質保單符合需要、保額及負擔能力。家庭規劃包含遺族、晚年、購屋、子女與應急資金，講義的收入比例只是教學原則，不是對所有人通用建議。|同樣保費對不同收入家庭，負擔程度可能不同。|良質保單最重要的方向是？|符合需要與負擔能力~一律保費最高~一律保額最大~只讓業務員佣金高|子女教育金與臨時應急金應如何？|分開規劃不同目的~永遠視為同一筆~完全不需準備~只由保險公司决定
P7-04|行銷從準備、自我介紹到蒐集資料、發現問題、提出方法、成交及售後服務。準保戶需有需求與支付能力，持續服務是建立長期關係的基礎。|遞交保單是售後服務的開端，不是服務終點。|遞交保單後應接續什麼？|售後服務~立即停止聯絡~一律更換舊保單~只再收一次佣金|推薦方案前應先做什麼？|了解資料与問題~一律推同一商品~略過需求~只比較業務員收入
P7-05|保單活化用原保單價值轉換同公司符合條件的醫療、長照或年金保障，從身後保障轉為生前需求。講義列3年反悔與事故、給付等限制，不是任意換保單。|已開始給付或已有理賠紀錄等情況，不能無條件要求回復。|保單活化主要利用原保單什麼基礎？|保單價值準備金~信用卡額度~全部公司股本~受益人收入|講義回復原契約的反悔期間為？|3年內並須符合條件~30年無條件~3天無條件~永久無條件
P7-06|保險存摺提供集中查詢保單與保障、身分驗證及單一登入等功能。它是檢視保障的工具，不會代替保險契約或自動增加保障。|查詢到保單後，仍要依實際契約確認給付條件。|保險存摺的用途之一是？|集中檢視保單與保障~自動增加所有保額~保證所有理賠~代替正式保單條款|保險存摺查詢結果能否讓保障無條件增加？|不能~能~每天自动增加~只要登入就翻倍
L1-01|契約成立要有行為能力、意思一致、對價及合法內容。契約不只一張保單，還含附著要保書、批註及其他約定；疑義解釋注意被保險人利益。|批註若有效附入契約，不應看完首頁就忽略。|哪項可構成保險契約內容？|附著的要保書與批註~與契約無關的廣告口號~鄰居的個人猜測~未約定的新聞評論|有疑義時，講義契約解釋原則偏向？|有利於被保險人~一律有利於業務員~只看單字不探真意~一律不須解釋
L1-02|保險人與要保人是當事人；被保險人與受益人是關係人。要保人通常負交付保費義務及契約處分權，被保險人是生命身體標的，受益人依約領給付。|甲投保、乙受保障、丙領身故金，三個角色可能不同。|保險契約的兩方當事人為？|保險人與要保人~被保險人與受益人~業務員與醫師~受益人與公會|以生命或身體為保險標的的人是？|被保險人~保險公司~所有受益人~核保人員
L1-03|講義區分無行為能力、限制行為能力及成年。無能力者的意思表示原則無效；限制能力的契約需看法定代理人允許、承認及例外，不能只看是否有付款。|p.68寫「成年」，p.110另明示18歲；兩頁需要一起看。|限制行為能力人訂約，哪項可能使契約有效？|法定代理人依法允許或承認~只要陌生人同意~只要受益人口頭要求~完全不看行為能力|講義成年年齡說明為？|18歲~7歲~15歲~16歲
L1-04|保險人破產與要保人破產是不同事件。講義列保險人破產時契約終止及未到期保費返還；要保人破產而契約有受益人，仍為受益人利益存在。|題目中的「誰破產」是判斷第一步。|依講義，要保人破產但契約有受益人，契約為誰利益存在？|受益人~一律國庫~業務員~體檢醫師|判斷破產對契約影響時首先辨認？|破產者是保險人或要保人~保單顏色~印刷頁碼~繳費幣別字體
L1-05|受益人可依約定、指定或法律推定產生。死亡保險未指定受益人，保險金作為遺產；醫療與失能給付通常限被保險人本人。變更需注意處分權、通知及被保險人同意條件。|「受益人有疑義」與「死亡險未指定受益人」不是同一道題。|死亡保險完全未指定身故受益人時，給付如何？|作為被保險人遺產~一律歸業務員~一律公司免付~一律歸要保人的雇主|醫療或失能給付受益人原則為？|被保險人本人~任何業務員~任何債權人~一定是要保人父母
L1-06|受益人故意致被保險人死亡或雖未致死，會失去受益權。還有其他受益人時按其原約定比例分配；沒有其他受領人時按遺產規則。|原份額1:2的兩位無過失受益人，重新分配仍依1:2。|受益人故意加害但未致死，是否可能喪失受益權？|是~一定不會~只要沒死亡就可保留~由加害人自己決定|喪失受益權後尚有其他受益人，份額原則如何？|按其他人的原約定比例分配~全歸加害人~一律公司沒收~一律平均不看比例
L1-07|未滿15歲的人壽死亡給付與受監護宣告者的限制不同，喪葬費又有例外及限額。未滿15歲的其他死亡給付是到15歲才生效，不是把全部保障都說成無效。|先分死亡、喪葬與其他保障，不用一個年齡否定所有內容。|依講義，未滿15歲其他死亡給付何時生效？|滿15歲時~出生即一律生效~滿7歲時~永不可能生效|喪葬費與其他死亡給付限制應如何理解？|分開看例外與限額~完全沒有區別~喪葬費永無上限~所有給付都無效
L1-08|保險利益看誰對誰有合法經濟利害關係。講義包含本人家屬、生活教育費來源、債務人及管理財產利益者。方向不能倒背：受扶養者對提供生活費者有利益。|乙靠甲支付生活費，題目要問的是乙對甲，不是自動推雙向。|乙依靠甲提供生活費，依此事由誰對誰有保險利益？|乙對甲~甲必然對所有乙的朋友~保險公司對甲的全部家人~完全無關|債權人對債務人生命的經濟利害，屬於？|保險利益的可能基礎~一定是再保險~保單紅利~保費退還
L1-09|訂約時對保險人的書面詢問應據實說明。不實或遺漏須足以影響風險估計才涉及解除，且有事故與未告知事實無關等例外，不能說任何錯字都必解約。|問診紀錄與事故因果，需依具體條件判斷。|據實說明義務主要對應何種詢問？|保險人的書面詢問~所有陌生人閒聊~未曾詢問的網路評論~受益人娛樂偏好|未告知事項與事故無因果，能證明時应如何？|須考慮法律例外~一律不准提出證明~必定全額沒收~與判斷完全無關
L1-10|主力近因是造成損害的主要或有效原因，不一定是時間上最近的一個事件。若有事故鏈，要看因果關係是否連續。|不能只因某事件最後出現，就自動認定它是主力近因。|主力近因重視什麼？|主要有效原因~距死亡最近的時間一律優先~申請表最後一行~最先提出理賠的人|多個事件構成因果鏈時，應確認？|因果關係是否中斷~每件事名稱長短~保單簽名筆色~受益人職位
L1-11|損害填補避免因損失獲超額補償，分攤是多個保險人間的分擔，代位涉及給付後對第三人的權利。人身險原則及實支健康例外要分清，不應一概而論。|實支實付的醫療損失與定額身故保障，計算基礎不同。|分攤原則主要發生在何者之間？|保險人與保險人~所有業務員~受益人與醫師~保戶與銀行櫃員|實支健康險的損害填補精神是？|補償符合條件的實際損失~保證超額獲利~保額越多可無限重領~不必有任何損失
L2-01|人壽保險預收第一期相當額後，經同意承保，責任溯自預收時開始。不要把預收、核保、簽發及收到保單四個時點混在一起。|先交費、後承保的題目，關鍵在同意承保與溯及關係。|依講義，同意承保後責任可溯自何時？|預收第一期相當額時~永遠只從收到保單時~出生時~第一次詢價時|第一期相當額已繳，是否就代表無條件承保？|不是，仍須看承保條件~是~只要業務員說好就可~一律不用核保
L2-02|講義寬限期通常為30日，但起算不同：年繳半年繳從催告到達翌日，季繳月繳從應繳翌日；金融機構轉帳則依催告到達翌日。|同樣30日，起點不同就可能差幾天。|年繳保費依講義從何時起算寬限？|催告到達翌日~保單簽發前一天~去年繳費日~受益人生日|金融機構轉帳扣款未成，不論繳別，講義起點是？|催告到達翌日~固定每月一日~一律原應繳當日~事故發生日
L2-03|自動墊繳用可用保單價值準備金扣借款本息後餘額，代繳續期保費及利息。墊繳期間仍有保障，但理賠要扣欠款；不足時還須依通知與停效程序。|不能把墊繳當作公司免費送保費。|自動墊繳資金主要來自？|保價金扣除相關借款本息的餘額~其他受益人的薪水~政府無條件補助~業務員佣金|墊繳期間發生符合條件事故，如何？|仍依約理賠並扣墊繳本息~一律不理賠~一律雙倍給付~保費不用再還
L2-04|停效是效力暫停，符合條件可以申請復效；失效或契約消滅不能只靠繳費自動恢復。講義對傳統年金另列未繳續費減少年金的例外。|把契約畫成狀態線，比只背相似名詞清楚。|停效與復效的關係是？|符合規定可申請恢復效力~停效永遠等於自始無效~復效必須重買全新契約~兩者完全相同|傳統年金未繳續費依講義有何注意？|有減少年金金額的例外處理~一律套壽險停效~一律改成汽車險~全部已領款需退回
L2-05|停效後6個月內與超過6個月的復效程序不同。超過6個月可在申請後5日內要求可保證明；收到證明後15日內不拒絕等情況視為同意，期限下限為2年且不超過保險期間。|把申請日、要求證明、收到證明分成三個事件，不共用一個起點。|復效程序的重要分界為停效後？|6個月~6日~6年~60年|超過6個月申請，要求可保證明的期間為申請後？|5日內~50日內~5年內~隨時無期限
L2-06|自始無效與後來終止不同。講義列訂約時已知風險已發生等情況、第三人死亡保險欠缺必要書面同意、超過承保年齡等；每個事由仍須保留例外。|事故早已發生且訂約者知道，不能當成未來不確定事件承保。|「自始無效」描述的是？|效力從一開始不存在~只有未來一天暫停~必定可用補費復效~等於到期滿期|第三人為他人訂死亡保險需注意？|被保險人的書面同意及約定保額~只需業務員同意~只需郵局同意~完全不用同意
L2-07|契約撤銷權屬要保人。講義適用兩年期以上人身保險，收到保單翌日起10日內；撤銷意思表示到達後的生效與事故先後要分別判斷。|審閱期是訂約前，撤銷權是在收到保單等條件後。|講義保單撤銷期間從何時起算？|收到保險單的翌日~出生當日~事故發生後兩年~每年保費應繳日|依講義期間長度為？|10日~10個月~30年~1日
L2-08|撤銷、解除、終止是不同制度。解除涉及保險人對不實告知的權利，知悉原因後1個月與訂約後2年有期限；終止則向後使效力消滅。|先問誰行使，再問原因、期限與效力起點。|因告知義務問題的解除權行使者是？|保險人~任何鄰居~業務員家屬~體檢醫師|解除權知悉原因後不行使的期間為？|1個月~10年~1日~永無期限
L2-09|解約金與全部已繳保費不同。講義與保險法對付足一年等條件列一個月內支付及保價金比例；另有特定長期契約僅能減額、不能任意終止的條件。|不能用「公司是當事人」推論公司可隨時終止每張保單。|要保人解約時能否保證全額領回已繳保費？|不能~一定可以~一定雙倍~與保單價值完全無關|依講義法定條件成立時，解約金支付期限為接到通知後？|1個月內~10年內~當日以前~無期限
L2-10|減少保額通常仍繼續缴費；減額繳清維持期間、降低保額且不再缴費；展期定期則改成定期死亡保障，保額原則不變、期間縮短。|用保額、期間、險種、续繳四欄比較。|減額繳清的典型結果是？|期間不變、保額降低、不再繳費~保額翻倍、仍繳費~期間加倍、保額加倍~完全終止無保障|展期定期的典型變化是？|保額原則不變、期間縮短~保額一定加倍~永遠保留終身期間~一定继续缴原保费
L2-11|保單借款以可借貸的保單價值為基礎，不是以全部死亡保額借款。借款本息超過保價金會涉及通知與停效，不能只看借出本金。|利息持續累積也可能使本息達到限制。|保單借款主要計算基礎為？|保單價值準備金相關可貸額度~全部死亡保額~被保險人月薪~受益人所有財產|評估借款是否超額應看？|本金加利息~只看原本金~只看保單顏色~完全不用看欠款
L2-12|壽險除外責任須分要保人、受益人及被保險人的行為。講義自殺條件涉及訂約或復效後2年；故意致死與失能、其他受益人權利不能省略。|復效會是部分期間重新起算的時點。|講義自殺條款的重要期間界線為？|訂约或復效日起2年~一律2日~收到保單20年~完全不看時間|受益人加害時還有其他受益人，應注意？|其他人的受益權與分配~所有人權利一律消失~全部給加害者~公司必定不需處理
L2-13|年齡錯誤先判斷是否超過可承保範圍，再看多繳或少繳、事故前後及責任歸屬。事故後不能一律用補差額換完整保額，講義採比例等處理。|四個問題：真實歲數？是否超齡？多繳少繳？事故前後？|真實年齡超過承保上限，講義處理為？|契約無效並退還保費~自動提高保額~永遠不受影響~只改受益人|年齡錯誤題為何需看事故前後？|補費及保額調整規則不同~完全沒有差別~只有字體不同~只影響郵寄地址
L2-14|事故通知、危險增加通知、文件收齊後給付、保險金請求權，是不同制度。講義列5日、15日與2年等數字，不能只背天數而不背起點。|事故知悉日與文件收齊日通常不是同一天。|保險金給付作業的15日依講義從哪個事件起算？|收齊所需文件~保戶出生~保單印刷~每月第一天|保險契約請求權的一般時效依講義為？|2年~2日~20分鐘~永久不消滅
L2-15|傷害事故是非疾病引起之外來突發事故。給付要分同一事故失能後死亡、不同事故及累計上限；超過180日亦須看因果證明等條件。|同事故已領失能80萬，保額100萬，再符合身故時通常只剩20萬。|同事故保額100萬，失能已給80萬，再符合身故給付，餘額為？|20萬元~100萬元~180萬元~80萬元|意外傷害的核心條件不包括？|一定由疾病引起~外來~突發~非由疾病引起
L2-16|傷害醫療分實支及日額。講義意外發生起180日內治療，日額每次傷害給付日數有90日限制；兩個數字不是同一限制。|日額2,000元、符合住院10日，是2萬元，再檢查給付上限。|日額2,000元、符合給付10日，金額為？|20,000元~2,010元~10,000元~200,000元|講義日額型每次傷害給付日數上限為？|90日~9日~900日~無限
L2-17|傷害險除外包含故意、犯罪、超標酒駕等；某些競賽或表演是不保活動，仍需看契約是否另有約定。一般運動不等於所有競賽表演。|題幹若寫競賽，要和休閒活動分開判斷。|競賽或表演除外判斷應保留哪項條件？|契約是否另有約定~只看選手名字~完全不看活動性質~只看保額|故意製造自身傷害能否一概當普通意外？|不能~一定可以~只要住院即可~只要保費已繳即可
L2-18|旅平延長要符合乘客、合法載客工具、預定抵達在期間內及不可控延誤等条件，講義一般延長上限24小時；劫持可延長至事故終了。|睡過頭未搭上交通工具，與工具本身延誤不同。|符合條件的非自主延誤，一般延長上限為？|24小時~24年~24個月~無條件終身|劫持與一般延誤，延長規則是否相同？|不同，劫持另依事故終了~完全相同~都只有1分鐘~兩者都不可能延長
L2-19|日額與實支計算不同；同一疾病或傷害及併發症，在出院14日內同院再住院，講義視同一次住院。不能漏掉同原因與同院條件。|不同病因或不同醫院，不可只凭14日一律合併。|講義同原因、同院再住院的判斷期間為出院後？|14日內~14年內~1日內~永遠合併|判斷是否同次住院，除了日期還要看？|病傷原因及是否同院~保單紙張~誰開車接送~病房牆色
L2-20|講義疫情函示涉及特殊醫療量能情況與高度替代性醫療，須個案判斷。這不是把所有門診都改成住院理賠。|先確認疾病、醫囑、條款及函示適用背景。|特殊疫情函示能否推成所有門診一律給住院金？|不能~可以~只要有收據即可~只要保額足夠即可|個案判斷應保留什麼？|醫療必要性與適用背景~只看新聞標題~只看日期字樣~只看保費多寡
L2-21|保證續保代表符合條款可續保，不等於保費永不改變。講義允許依核可費率及年齡調整，不能單憑個人健康狀況調整；除外事項仍要保留醫療例外。|保證續保和保證固定費率要分開記。|保證續保是否等於保費永不增加？|不是~一定是~只有年輕时是~只要住院就永远免费|依講義，可按哪項重新計算續保保費？|核可費率與年齡~任意針對單一人的病歷加價~只看受益人收入~只看業務員業績
L2-22|傷害險職業改變未告知，若風險提高，題目常要求按原收與應收保費比例給付。先判方向，再把比例乘保額，不能直接補費就當完全沒問題。|原保費1,000、應收2,000、保額100萬，比例計算為50萬。|原收1,000、應收2,000、保額100萬，按比例金額為？|50萬元~200萬元~100萬元~1,000萬元|比例理賠題最先應確認？|職業變更與費率方向~受益人星座~繳款櫃台位置~理賠人姓名
L3-01|列舉扣除的人身保險費以申報戶內符合條件者為範圍，講義列每人每年24,000元；全民健保費不受此金額限制。先判斷能否列舉，再判被保險人關係，不能把所有親友保費合併。|同一人的合格保費超過上限，也不能挪用另一人的未用額度。|依講義，一般人身保險費列舉扣除的每人年度上限為？|24,000元~12,000元~48,000元~無上限|哪一項不受一般人身保費24,000元上限限制？|全民健保費~所有儲蓄險保費~所有親友保費~所有海外保費
L3-02|勞退自願提繳與長期照顧特別扣除是不同制度。講義長照金額涉及適用年度，尚待核對，因此此項不納入計分練習；先記住扣除額必須附年度及適用條件。|看到金額先問是哪一年度、哪一種扣除。|判斷長照扣除金額時首先要確認？|適用年度與法定條件~保單封面顏色~業務員業績~受益人星座|勞退自提與長照特別扣除的關係是？|分屬不同制度，應分別判斷~兩者完全相同~一定互相取代~一律無條件適用
L3-03|公司支付團體保險費，講義以每一員工每月2,000元判斷是否視為員工薪資所得；超過部分依規定處理。是逐人逐月計算，不是整家公司平均後套上限。|甲3,000、乙1,000，不能用平均2,000讓甲超額消失。|依講義，團保費用判斷員工薪資的每人每月限額？|2,000元~24,000元~20,000元~200元|甲保費3,000、乙1,000，可以平均後認定都未超額嗎？|不可以，應逐人逐月判斷~可以，總額除二即可~可以，只看年終~可以，由公司自由選擇
L3-04|保險給付的所得稅與個人基本所得額不能混成一句全部免稅。要保人、受益人、給付類型與年度門檻都可能影響結果。講義概括敘述待釐清，暫不計分。|保險金不用一般所得稅，不代表必然不涉及基本所得額。|判斷保險給付稅務應先區分？|一般所得稅與基本所得額制度~只有保單字體~只看商品廣告~只看給付銀行|判斷給付稅務是否要看契約關係人？|需要，並須確認給付類型與年度~完全不用~只看業務員~只看繳費日星期幾
L3-05|死亡保險金有指定受益人，原則上不作為被保險人的遺產；未指定則列入遺產。稅務仍有實質課稅等前提，不能用這條規則承諾任何投保都能免遺產稅。|先找有沒有有效指定受益人，再處理稅務條件。|死亡給付未指定受益人時，講義如何處理？|作為被保險人遺產~一定歸業務員~一律歸銀行~無人可以請領|指定受益人的死亡保險金，原則上是否屬被保險人遺產？|原則不屬，但仍須看實質課稅等條件~一定全部屬遺產~一律沒有任何稅務問題~一定屬要保人薪資
L3-06|死亡宣告先辨認失蹤情境：一般失蹤滿7年；80歲以上滿3年；特別災難終了滿1年。不能直接把失蹤日當死亡日；同時死亡推定則處理無法證明先後的情況。|災難失蹤須從災難終了起算，與一般失蹤年數不同。|依講義，一般失蹤滿多久得聲請死亡宣告？|7年~1年~3年~30日|80歲以上失蹤與特別災難終了後的期間分別為？|3年、1年~7年、7年~1年、3年~5年、2年
L3-07|遺產稅先算遺產總額，再扣免稅額及依法可扣的項目，才得到課稅遺產淨額。講義同時列法條原額與調整金額，背數字前必須辨認適用年度。|免稅額和配偶扣除額是不同項目，不能只扣一種也不能重複扣。|遺產課稅淨額的基本方向是？|總額減免稅額及可扣除項目~總額加所有扣除額~總額乘保費~只看現金存款|講義表格同列原額與調整額時應如何使用？|先確認適用年度與欄位~選較小的永遠正確~選較大的永遠正確~把兩欄加總
L3-08|遺產稅採累進概念，但級距金額有年度版本。此項暫不考記憶金額。理解時把超過前一級距的差額乘該級稅率，再加前級累積稅額。|切成各級距分別算，不能把最高一級稅率直接乘全部。|累進稅率正確的理解是？|各級距分段計算~最高稅率乘全部一定正確~稅額與金額永遠無關~只收固定手續費|使用稅率級距表前應確認？|適用年度~網頁配色~計算機品牌~受益人偏好
L3-09|配偶是共同繼承人，另依序找直系血親卑親屬、父母、兄弟姊妹、祖父母。配偶與子女共同時平均；與父母或兄弟姊妹共同時配偶二分之一；與祖父母共同時配偶三分之二。|配偶與兩名子女共同繼承，三人各三分之一。|配偶與兩名子女共同繼承，配偶應繼分為？|三分之一~二分之一~全部~三分之二|配偶與祖父母共同繼承，配偶應繼分為？|三分之二~三分之一~四分之一~零
L3-10|特留分是應繼分再乘法定比例，不能直接用整份遺產乘。直系卑親屬、父母、配偶為其應繼分二分之一；兄弟姊妹、祖父母為三分之一。講義遺囑能力以滿16歲為要件之一。|配偶應繼分二分之一、特留比例二分之一，特留分是全部遺產四分之一。|配偶應繼分為二分之一時，特留分占全部遺產？|四分之一~二分之一~三分之一~全部|依講義，得立遺囑的年齡門檻為？|滿16歲~滿12歲~滿20歲~滿25歲
L3-11|繼承債務原則以所得遺產為限負清償責任；拋棄繼承則在知悉得繼承起3個月內，以書面向法院為之。指定受益人保險金請求權與繼承權要分開。|拋棄繼承不等於自動放棄自己作為指定受益人的權利。|依講義，拋棄繼承期限及對象為？|知悉得繼承起3個月內向法院~死亡起3日內向保險公司~知悉起1年內向銀行~任何時間口頭告知即可|繼承人清償被繼承人債務，原則以什麼為限？|所得遺產~自己所有未來收入~配偶全部財產~業務員佣金
L3-12|代位繼承與較後親等繼承不同。第一順位繼承人先死亡或喪失繼承權，可能由其直系卑親屬代位；最近親等全體拋棄時，則須另判後親等規則。|不要看到孫子繼承就一律叫代位繼承。|第一順位繼承人先死亡，其直系卑親屬承受應繼分屬於？|代位繼承的典型情境~必然贈與~保險代位~一律拋棄繼承|子女全體拋棄、由孫輩繼承時，能直接套先亡代位規則嗎？|不能，觸發條件不同~可以，孫輩都叫代位~可以，拋棄等於死亡~只看年齡大小
L3-13|贈與稅以贈與人同年度贈與合計判斷，不是每一受贈人各享一次免稅額。超過免稅額原則於贈與後30日內申報；金額須看適用年度。|分送多人仍須合計同一贈與人的年度贈與。|贈與免稅額應按什麼單位判斷？|同一贈與人同年度合計~每位受贈人各算一份~每個月重新計算~每張保單重新計算|超過免稅額，依講義原則於贈與後多久申報？|30日內~7年內~2年內~180日後
L3-14|變更要保人可能移轉保單價值，須思考贈與稅；保險給付給受益人則另判基本所得額等制度。先分清發生的是保單權利移轉還是保險金給付。|把保單要保人改成孩子，不等於已發生死亡保險給付。|無償變更要保人首先應注意何種問題？|保單價值移轉的贈與稅~一律只有營業稅~保險事故一定發生~一定完全免稅|變更要保人與受益人領保險金應如何判斷？|分別確認行為及適用稅制~兩者一定同一稅制~只看保費高低~一律當薪資所得
L3-15|遺贈稅的申報與核定後繳納是不同時計。講義核定繳納通知送達後2個月內繳納；必要時得申請延期2個月。符合條件分期最多18期、每期間隔不超過2個月。|先找題目問申報還是繳納，才套期限。|依講義，核定繳納通知送達後一般繳納期限？|2個月內~3日內~1年內~7年內|符合條件的分期最多期數與間隔為？|18期、每期不超過2個月~2期、每期18個月~36期、每期1年~不限期數
L4-01|金融消費者保護先看對象，專業投資機構等依法排除。契約應公平合理、誠信，不能預先用契約免除法律規定的責任。|有簽名不代表任何免責條款都有效。|是否所有金融交易者都屬金融消費者保護法的金融消費者？|不是，須注意法定排除對象~是，完全沒有例外~只有業務員是~只有銀行是|金融服務業可否預先約定免除法定責任？|不能任意預先免除~可以，只要字很小~可以，只要印紅字~可以，只要口頭說過
L4-02|公平待客落在適合度、告知揭露、廣告真實、申訴保障及友善服務等實際行為。情境題先找客戶受到什麼影響，再對應原則。|不適合的商品不能只因佣金高就推銷給客戶。|為高齡客戶確認商品符合需求，最接近哪個重點？|適合度與友善服務~只看佣金~只看成交速度~不需說明風險|廣告說明收益時應如何處理風險？|真實揭露，不得誤導~省略所有風險~用小字取消法律~只說最好情境
L4-03|消費者契約的合理審閱期間、通訊訪問交易7日解除權、保單送達翌日起10日撤銷，是不同制度。題目要先辨契約類型及適用例外；30日內合理審閱不代表每張保單都固定30日。|7與10不能只憑看到保險兩字就互換。|講義保單撤銷與一般通訊交易解除的常見期間分別為？|10日、7日，仍須看適用制度~7日、10日且一律適用~30日、30日~1年、2年|「30日內合理審閱」能否解讀為所有契約固定審閱30日？|不能，須依契約及規定判斷~可以，全部一樣~可以，由業務員決定~等同保單10日撤銷
L4-04|一般個人資料與醫療等特種個資的蒐集、處理、利用條件不同。講義題目對同意形式可能過度概括，尚待法規核對，暫不計分。|不能用一句「本人同意」跳過特種個資的法定條件。|醫療資料與一般姓名資料可否一律套同一條件？|不可，特種個資有特別限制~可以，只要業務需要~可以，不用任何條件~都不能依法處理|利用資料前應確認什麼？|目的、法律依據及必要範圍~只有檔案大小~只有表格顏色~只有電腦品牌
L4-05|大額通貨交易與疑似洗錢交易申報是不同觸發條件。講義正文與題目對起算點有差異，期限題暫停計分，不能把發現日與核准日混用。|疑似交易不能只因金額小就完全忽略。|大額交易與疑似交易申報的關係？|觸發條件不同，須分別判斷~兩者完全相同~小額一定不可能可疑~只有現金才可能可疑|遇到申報起算點矛盾，應如何處理？|核對法源再決定，不硬背矛盾答案~隨機挑一個~把兩期限相加~以網路留言決定
L4-06|低風險客戶或商品在符合條件時可簡化確認客戶身分程序，並非完全不必辨識，也不免除可疑交易注意義務。講義列各商品門檻，遇數字題須附險種與版本。|簡化是調整程序強度，不是取消所有審查。|低風險簡化審查是否等於免確認客戶身分？|不是，仍須符合規定~是，任何資料都不用~是，客戶口頭說即可~是，保費低就永遠不查|低風險商品若出現可疑交易應如何處理？|仍須依規定注意及處理~一律忽略~只要續保就沒事~由客戶自行決定
L4-07|媒體經營者明知或可得而知廣告不實仍刊登，講義考連帶責任。情境題關鍵是知道或應能知道，不是看到「媒體」就認定永遠免責。|刊登者若明知不實，不能只說自己不是商品提供者。|明知廣告不實仍刊登，講義強調何種責任？|可能負連帶責任~一定完全免責~只負道德責任~由消費者自行承擔|判斷刊登不實廣告責任的重要條件為？|明知或可得而知不實~廣告紙張厚度~播放音量~媒體名稱字數
L5-01|業務員須符合資格，經所屬公司向公會辦理登錄後始得招攬；考試合格不等於已可招攬。講義列成年、具高中職以上或同等學歷等條件。|先合格、再登錄，不要把兩個步驟合成一個。|考試合格後即可不經登錄自行招攬嗎？|不可以，仍須完成登錄~可以，終身有效~可以，只要有名片~可以，只做親友即可|業務員登錄通常由誰向公會辦理？|所屬公司~客戶~受益人~醫院
L5-02|不予登錄期間依事由不同：偽造文書、侵占、詐欺、背信等，受徒刑尚未執行完畢，或執行完畢、緩刑期滿、赦免後未逾3年；組織犯罪相關條件則未逾5年。停止招攬同類業務的處分尚未期滿，也不能換公司規避。|先圈罪名與起算事件，普通列舉罪3年、組織犯罪5年不可互換。|講義列偽造文書等罪，刑執行完畢等事由後未逾多久不得登錄？|3年~5年~30日~6個月|組織犯罪相關事由，執行完畢等起算後的限制期間為？|未逾5年~未逾3日~未逾1個月~未逾1年
L5-03|同類業務不得任意重複登錄；不同類業務仍須符合規定與公司同意等條件。先分人身、財產業務及公司類型，不能只看公司名稱不同。|不同公司不代表一定能同時招攬同類保險。|能因兩家公司名稱不同就重複登錄同類業務嗎？|不能，仍受同類登錄限制~可以，名稱不同就可~可以，只要保費不同~可以，只做網路即可|判斷兼營登錄首先應辨認？|業務種類與公司類型~辦公室樓層~名片顏色~客戶職業
L5-04|保險業務員管理規則依保險法第177條訂定，講義載自民國82年4月15日實施，建立業務員登錄制度。歷史年月列為選做，先掌握登錄資格、行為責任與訓練。|把82年4月15日與登錄制度的里程碑連在一起記。|依講義，保險業務員管理規則自何時實施？|民國82年4月15日~民國92年4月15日~民國82年1月1日~民國112年1月1日|講義指出管理規則依保險法哪一條訂定？|第177條~第116條~第64條~第1條
L5-05|登錄有效期間5年；登錄事項異動依講義於事實發生後5日內辦理。新登錄、變更、註銷與撤銷有不同原因，不要把「有效5年」當作5年內都不用更新資料。|資格有效不代表異動可以拖延。|依講義，業務員登錄有效期間為？|5年~5日~1個月~終身|登錄事項異動，依講義應於事實發生後多久辦理？|5日內~5年內~1年內~無期限
L5-06|停止招攬單次最長1年；講義另列5年內累計停止招攬達2年等撤銷條件。單次上限與累積門檻的分母不同，應分兩張記憶卡。|一次與累計是不同題型。|講義停止招攬的單次最長期間為？|1年~5年~2個月~10年|講義累計停止招攬撤銷條件中的期間與累計值為？|5年內累計2年~2年內累計5年~1年內累計5年~10年內累計1日
L5-07|年度教育訓練分內部與外部：講義外部每年6小時；內部首年24小時、後續每年6小時。未完成應依補訓等程序處理，不能把一次未完訓直接套所有撤銷情況。|先看內外部，再看首年還是後續。|依講義，外部年度教育訓練時數為？|6小時~24小時~1小時~60小時|依講義，內部首年及後續年度時數分別為？|24小時、6小時~6小時、24小時~3小時、5小時~1小時、1小時
L5-08|特殊商品的銷售資格與訓練另有要求：講義利變年金課程3小時，外幣初訓5小時並有年度1小時。投資型每3年6小時，其中法規至少2小時；連結結構型須另受訓測驗。不可用一般合格取代特殊資格。|保險考試合格不代表所有特殊商品都能立即銷售。|講義利率變動型年金相關訓練時數為？|3小時~30小時~1分鐘~24小時|講義外幣商品初訓與年度訓練時數分別為？|5小時、1小時~1小時、5小時~24小時、6小時~10小時、10小時
L5-09|高齡客戶商品銷售與公平待客訓練另列時數，講義分別為2與3小時。高齡課程以登錄後日曆年計，內部訓練以初次登錄日起算；異動後再登錄間隔達1年以上，訓練年度重算。高齡未完成取消次年招攬65歲以上資格；公平待客未完成則取消次年招攬資格，通過課程可恢復。|不要把12月31日與登錄週年當同一天。|講義高齡銷售與公平待客訓練分別為？|2小時、3小時~3小時、2小時~24小時、24小時~都不用訓練|判斷年度訓練完成期限前要先確認？|日曆年或登錄週年的規則~客戶生日~公司樓層~保單顏色
L5-10|偽造重在文件或簽名冒用，詐欺重在使人陷於錯誤交付財物，侵占重在把持有的他人財物據為己有，背信重在違背受託任務損害利益。須按題幹行為判斷。|代收保費後占為己有，與冒簽要保書是不同問題。|代收客戶保費後占為己有，最直接對應？|侵占~純粹價格折扣~合法贈與~正常核保|未經同意冒簽客戶姓名，最直接對應？|偽造相關問題~保險代位~合法續保~正常分紅
L5-11|對處分不服，講義申復於通知送達後1個月內；申復不服的覆核於通知送達後3個月內，各有受理對象及一次限制。先辨第一次申復或之後覆核。|1和3是不同程序，不是可任意選擇的期限。|依講義，申復期限為通知送達後？|1個月內~3年內~5年內~10日內|依講義，對申復結果申請覆核期限為？|通知送達後3個月內~1日內~終身~5年內
L5-12|不當招攬包含不實比較、未據實說明、折佣、不當代簽等。要看行為是否損害客戶權益或違反規範，不能因客戶願意或成功成交就合理化。|為促成承保而要求延後新生兒篩檢，是警訊情境。|為成交要求客戶延後新生兒篩檢，應如何看待？|不當招攬問題~正常售後服務~必要核保手續~公平待客獎勵|未經客戶授權代簽文件，因客戶事後沒抱怨即可合理化嗎？|不可以~可以，成交即可~可以，只做親友~可以，保費低就可
L5-13|業務員依授權從事招攬所生責任，須辨公司應負責的範圍；業務員私人行為不能一概視為授權。勞務契約關係與對客戶的招攬責任也是不同問題。|先看是在執行授權招攬，還是與保險無關的私人借款。|判斷公司對業務員行為責任首先要看？|授權與招攬行為範圍~名片紙質~業務員年齡~客戶住幾樓|業務員私人借款與授權招攬責任可否直接畫等號？|不可，須分辨行為性質~可以，任何行為都相同~可以，只要認識客戶~只看金額大小
L5-14|保險業資金運用限額有法規版本、分母與例外，講義的35％及45％等數字尚待完整核對，暫不計分。學習時把投資類別、分母、限額及例外一起記。|只背45％卻不知道是哪一種資金或上限，容易套錯。|資金運用比例應與哪些資訊一起記？|投資類別、分母、版本與例外~只有百分比~只有商品名稱~只有年度報酬|遇到講義比例與新法規疑似不同，應如何處理？|標示版本並核對後再計分~直接選較大的~直接相加~當作永遠不變
